<keymap version="1" name="macOS copy" parent="Mac OS X 10.5+">
  <action id="ActivateFavoritesToolWindow" />
  <action id="ActivateLogcatToolWindow">
    <keyboard-shortcut first-keystroke="meta 6" />
  </action>
  <action id="ActivateProblemsViewToolWindow" />
  <action id="ActivateTODOToolWindow" />
  <action id="AddInjectionsAction" />
  <action id="CloseAllEditorsButActive">
    <keyboard-shortcut first-keystroke="shift meta f4" />
    <keyboard-shortcut first-keystroke="shift meta w" />
  </action>
  <action id="CommentByBlockComment">
    <keyboard-shortcut first-keystroke="meta alt slash" />
    <keyboard-shortcut first-keystroke="meta alt divide" />
    <keyboard-shortcut first-keystroke="shift ctrl slash" />
    <keyboard-shortcut first-keystroke="shift ctrl divide" />
    <keyboard-shortcut first-keystroke="shift meta divide" />
    <keyboard-shortcut first-keystroke="shift meta divide" />
  </action>
  <action id="DuplicatesForm.SendToRight" />
  <action id="FileChooser.GotoProject" />
  <action id="FindUsages">
    <keyboard-shortcut first-keystroke="alt f7" />
    <keyboard-shortcut first-keystroke="meta 2" />
  </action>
  <action id="Git.Branches">
    <keyboard-shortcut first-keystroke="shift meta b" />
  </action>
  <action id="Git.CreateNewBranch">
    <keyboard-shortcut first-keystroke="shift meta alt b" />
  </action>
  <action id="Git.Fetch">
    <keyboard-shortcut first-keystroke="shift ctrl meta f" />
  </action>
  <action id="Git.Pull">
    <keyboard-shortcut first-keystroke="shift ctrl meta k" />
  </action>
  <action id="Git.Stash">
    <keyboard-shortcut first-keystroke="shift meta alt s" />
  </action>
  <action id="Git.Unstash">
    <keyboard-shortcut first-keystroke="shift meta alt u" />
  </action>
  <action id="GotoTypeDeclaration">
    <keyboard-shortcut first-keystroke="shift ctrl b" />
    <mouse-shortcut keystroke="shift meta button1" />
  </action>
  <action id="LocalHistory.ShowHistory">
    <keyboard-shortcut first-keystroke="shift meta l" />
  </action>
  <action id="PinActiveTab">
    <keyboard-shortcut first-keystroke="shift meta p" />
  </action>
  <action id="android.deploy.ApplyChanges">
    <keyboard-shortcut first-keystroke="ctrl meta e" />
  </action>
  <action id="android.deploy.CodeSwap">
    <keyboard-shortcut first-keystroke="shift ctrl meta e" />
  </action>
</keymap>