<keymap version="1" name="macOS copy 1" parent="Mac OS X 10.5+">
  <action id="ActivateAndroidEmulatorToolWindow">
    <keyboard-shortcut first-keystroke="shift meta e" />
  </action>
  <action id="ActivateGradleToolWindow">
    <keyboard-shortcut first-keystroke="shift meta 8" />
  </action>
  <action id="ActivateLogcatToolWindow">
    <keyboard-shortcut first-keystroke="meta 6" />
  </action>
  <action id="ActivateProblemsViewToolWindow" />
  <action id="ActivateRunningDevicesToolWindow">
    <keyboard-shortcut first-keystroke="shift meta e" />
  </action>
  <action id="Android.SyncProject">
    <keyboard-shortcut first-keystroke="shift meta 0" />
  </action>
  <action id="CloseAllEditorsButActive">
    <keyboard-shortcut first-keystroke="shift meta w" />
  </action>
  <action id="EditorLeft">
    <keyboard-shortcut first-keystroke="left" />
  </action>
  <action id="EditorToggleColumnMode" />
  <action id="Git.Branches">
    <keyboard-shortcut first-keystroke="shift ctrl meta b" />
    <keyboard-shortcut first-keystroke="shift meta b" />
  </action>
  <action id="Git.CreateNewBranch">
    <keyboard-shortcut first-keystroke="shift ctrl meta n" />
  </action>
  <action id="Git.Fetch">
    <keyboard-shortcut first-keystroke="shift ctrl meta f" />
  </action>
  <action id="Git.Pull">
    <keyboard-shortcut first-keystroke="shift ctrl meta k" />
  </action>
  <action id="GotoTypeDeclaration">
    <keyboard-shortcut first-keystroke="shift ctrl b" />
    <mouse-shortcut keystroke="shift meta button1" />
  </action>
  <action id="Gradle.ToggleOfflineAction">
    <keyboard-shortcut first-keystroke="shift meta 9" />
  </action>
  <action id="List-selectPreviousColumn">
    <keyboard-shortcut first-keystroke="left" />
  </action>
  <action id="MakeGradleModule">
    <keyboard-shortcut first-keystroke="ctrl b" />
  </action>
  <action id="NavBar-selectLeft">
    <keyboard-shortcut first-keystroke="left" />
  </action>
  <action id="PinActiveTab">
    <keyboard-shortcut first-keystroke="shift meta p" />
  </action>
  <action id="RecentLocations" />
  <action id="RevealIn">
    <keyboard-shortcut first-keystroke="shift ctrl meta r" />
  </action>
  <action id="SegmentedButton-left">
    <keyboard-shortcut first-keystroke="left" />
  </action>
  <action id="ShowPopupMenu">
    <keyboard-shortcut first-keystroke="ctrl alt enter" />
  </action>
  <action id="Tree-selectParent">
    <keyboard-shortcut first-keystroke="left" />
  </action>
  <action id="android.deploy.ApplyChanges">
    <keyboard-shortcut first-keystroke="ctrl meta e" />
  </action>
  <action id="android.deploy.CodeSwap">
    <keyboard-shortcut first-keystroke="shift ctrl meta e" />
  </action>
  <action id="android.device.back.button">
    <keyboard-shortcut first-keystroke="meta left" />
  </action>
  <action id="android.device.home.button">
    <keyboard-shortcut first-keystroke="meta down" />
  </action>
  <action id="android.device.overview.button">
    <keyboard-shortcut first-keystroke="meta slash" />
  </action>
</keymap>